PR,BOI,2GO,ABAIR,Philippines
2T,TBS,Timbis Air,TIMBIS,Kenya
Q5,MLA,40-Mile Air,MILE-AIR,United States
4D,ASD,Air Sinai,AIR SINAI,Egypt
4R,SEK,Star East Airline [de; fa; it; pl],EAST RIDER,Romania
4O,MNE,Air Montenegro,MOUNT EAGLE,Montenegro
5W,WAZ,Wizz Air Abu Dhabi,WIZZ SKY,United Arab Emirates
7B,UBE,Bees Airline,FLOWER BEE,Ukraine
AQ,JYH,9 Air,TRANS JADE,China
BJ,ABJ,Abaeté Linhas Aéreas,ABAETE,Brazil
RL,ABG,Abakan-Avia,ROYAL FLIGHT,Russia
W9,AAB,Abelag Aviation,ABG,Belgium
M3,TUS,ABSA Cargo,Turismo,Brazil
GB,ABX,ABX Air,ABEX,United States
ZA,CYD,AccessAir,CYCLONE,United States
VX,AES,ACES Colombia,ACES,Colombia
KI,DHI,Adam Air,ADAM SKY,Indonesia
Z7*,ADK,ADC Airlines,ADCO,Nigeria
JP,ADR,Adria Airways,ADRIA,Slovenia
AN,WSN,Advanced Air,WINGSPAN,United States
A3,AEE,Aegean Airlines,AEGEAN,Greece
9D,CND,Aero Continente Dominicana,CONDOMINICANA,Dominican Republic
ML,AEK,Aero Costa Rica,ACORISA,Costa Rica
VF,TKJ,AJet,ANATOLIAN,Turkey
DW,UCR,Aero-Charter Ukraine,CHARTER UKRAINE,Ukraine
SU,AFL,Aeroflot,AEROFLOT,Russia
P3,PLS,Aeroflot-Plus,AEROPLUS,Russia
OB,AAT,Austrian Airtransport,AUSTRIAN CHARTER,Austria
SM,AAW,Allied Airways,nan,United Kingdom
KJ,AAZ,Asian Air,nan,Kyrgyzstan
YE,ACQ,Aryan Cargo Express,nan,India
VJ,AFF,Africa Airways,AFRIWAYS,Benin
QH,FLA,Air Florida,PALM,United States
3O,MAC,Air Arabia Maroc,ARABIA MAROC,Morocco
HD,ADO,AIRDO,AIR DO,Japan
UJ,LMU,AlMasria Universal Airlines,ALMASRIA,Egypt
A2,AWG,Animawings,ANIMA WINGS,Romania
X9,NVD,Avion Express,NORDVIND,Lithuania
3S*,AEN,Aeroland Airways,AEROLAND,Greece
JU,ASL,Air Serbia,AIR SERBIA,Serbia
QH,LYN,Air Kyrgyzstan,ALTYN AVIA,Kyrgyzstan
XK,CCM,Air Corsica,CORSICA,France
EI,EIN,Aer Lingus,SHAMROCK,Ireland
EG,EUK,Aer Lingus UK,GREEN FLIGHT,United Kingdom
A8,XAU,Aerolink Uganda,PEARL,Uganda
RV,ROU,Air Canada Rouge,ROUGE,Canada
7A,AZY,Aztec Worldwide Airlines,AZTEC WORLD,United States
6U,ACX,Air Cargo Germany,LOADMASTER,Germany
ZI,AAF,Aigle Azur,AIGLE AZUR,France
AE,AE,Air Ceylon,CEYLON,Sri Lanka
4K*,AAS,Askari Aviation,AL-ASS,Pakistan
8U,AAW,Afriqiyah Airways,AFRIQIYAH,Libya
Q9,AFU,Afrinat International Airlines,AFRINAT,Gambia
KI,AAG,Air Atlantique,ATLANTIC,United Kingdom
QB,AAJ,Air Alma,AIR ALMA,Canada
LD,AHK,Air Hong Kong,AIR HONG KONG,Hong Kong
2Y,ADW,Air Andaman,AIR ANDAMAN,Thailand
UX,AEA,Air Europa,EUROPA,Spain
IG,AEY,Air Italy,AIR ITALY,Italy
NX,AMU,Air Macau,AIR MACAO,Macao
6A,AMW,Armenia Airways,ARMENIA,Armenia
HM,SEY,Air Seychelles,SEYCHELLES,Seychelles
AF,AFR,Air France,AIRFRANS,France
SB,ACI,Air Caledonie International,AIRCALIN,France
EH,AKX,Air Nippon Network Co. Ltd.,ALFA WING,Japan
ED,AXE,AirExplore,GALILEO,Slovakia
ZW,AWI,Air Wisconsin,WISCONSIN,United States
YI,RSI,Air Sunshine,AIR SUNSHINE,United States
GN,AGN,Air Gabon,GOLF NOVEMBER,Gabon
9T,RUN,Air ACT,CARGO TURK,Turkey
ZB,ABN,Air Albania,AIR ALBANIA,Albania
3J,AAQ,Air Alliance,LIAISON,Canada
WP,ATW,Air Antwerp,DEVIL,Belgium
BX,ABL,Air Busan,AIR BUSAN,South Korea
LB,LEP,Air Costa,LECOSTA,India
GL,GRL,Air Greenland,GREENLAND,Greenland
3S,GUY,Air Guyane Express,GREEN BIRD,French Guiana
NQ,AJX,Air Japan,AIR JAPAN,Japan
IJ,LIB,Air Liberté,LIBERTE,France
TT,KLA,Air Lithuania,KAUNAS,Lithuania
QM,AIM,Air Malawi,MALAWI,Malawi
L6,AMI,Air Maldives,AIR MALDIVES,Maldives
ML,BIE,Air Mediterranee,MEDITERRANEE,France
P8,MKG,Air Mekong,MEKONG,Vietnam
4O,MNE,Air Montenegro,MOUNT EAGLE,Montenegro
NZ,ANZ,Air New Zealand,NEW ZEALAND,New Zealand
4N,ANT,Air North Charter - Canada,AIR NORTH,Canada
YP,APZ,Air Premia,AIR PREMIA,South Korea
ZX,ABL,Air BC,AIRCOACH,Canada
G8,AGB,Air Service Gabon,nan,Gabon
7T,AGV,Air Glaciers,AIR GLACIERS,Switzerland
6V,VGA,Air Vegas,AIR VEGAS,United States
NH,ANA,All Nippon Airways,ALL NIPPON,Japan
TZ,TWG,air-taxi Europe,TWINGOOSE,Germany
2Q,SNC,Air Cargo Carriers,NIGHT CARGO,United States
V7,SNG,Air Senegal International,AIR SENEGAL,Senegal
AB,BER,Air Berlin,AIR BERLIN,Germany
4D,ASD,Air Sinai,AIR SINAI,Egypt
QN,ARR,Air Armenia,AIR ARMENIA,Armenia
AI,AIC,Air India Limited,AIRINDIA,India
PJ,SPM,Air Saint Pierre,SAINT-PIERRE,France
SZ,WOW,Air Southwest,SWALLOW,United Kingdom
8C,ATN,Air Transport International,AIR TRANSPORT,United States
NF,AVN,Air Vanuatu,AIR VAN,Vanuatu
ZB,BUB,Air Bourbon,BOURBON,Reunion
CC,ABD,Air Atlanta Icelandic,ATLANTA,Iceland
RB,SBK,Air Srpska,Air Srpska,Bosnia and Herzegovina
TN,THT,Air Tahiti Nui,TAHITI AIRLINES,France
SW,NMB,Air Namibia,NAMIBIA,Namibia
AW,AFW,Africa World Airlines,BLACKSTAR,Ghana
PE,AEL,Air Europe Italy,AIR EUROPE,Italy
JM,AJM,Air Jamaica,JAMAICA,Jamaica
6G,AWW,Air Wales,RED DRAGON,United Kingdom
TX,FWI,Air Caraïbes,FRENCH WEST,France
IX,AXB,Air India Express,EXPRESS INDIA,India
BT,BTI,Air Baltic,AIRBALTIC,Latvia
EL,ANK,Air Nippon,ANK AIR,Japan
YW,ANE,Air Nostrum,AIR NOSTRUM,Spain
PX,ANG,Air Niugini,NIUGINI,Papua New Guinea
G9,ABY,Air Arabia,ARABIA,United Arab Emirates
AC,ACA,Air Canada,AIR CANADA,Canada
AP,LAV,AlbaStar,ALBASTAR,Spain
E9,MHS,Air Memphis,AIR MEMPHIS,Egypt
XT,AXL,Air Exel,EXEL COMMUTER,Netherlands
UM,AZW,Air Zimbabwe,AIR ZIMBABWE,Zimbabwe
S2,RSH,Air Sahara,SAHARA,India
TC,ATC,Air Tanzania,TANZANIA,Tanzania
2J,VBW,Air Burkina,BURKINA,Burkina Faso
KM,AMC,Air Malta,AIR MALTA,Malta
YT,TGA,Air Togo,AIR TOGO,Togo
G4,AAY,Allegiant Air,ALLEGIANT,United States
O4,ABV,Antrak Air,ANTRAK,Ghana
GB,ABX,Airborne Express,ABEX,United States
8T,TID,Air Tindi,TINDI,Canada
3L,ADY,Air Arabia Abu Dhabi,Nawras [6][7],United Arab Emirates
EM*,AEB,Aero Benin,AEROBEN,Benin
KD,AEN,Air Enterprise,AIR ENTERPRISE,France
AX,AAC,AmericanConnection[8],CONNECT AMERICA,United States
AN,AAA,Ansett Australia,ANSETT,Australia
5W,AEU,Astraeus,FLYSTAR,United Kingdom
VV,AEW,Aerosvit Airlines,AEROSVIT,Ukraine
WK,AFB,American Falcon,AMERICAN FALCON,Argentina
QQ,UTY,Alliance Airlines,UNITY,Australia
FG,AFG,Ariana Afghan Airlines,ARIANA,Afghanistan
RV*,AFI,Africaone,AFRICAWORLD,The Gambia
Y2,AFJ,Alliance Air,JAMBO,Uganda
5Z,AFX,Airfreight Express,nan,United Kingdom
5D,SLI,Aeroméxico Connect,COSTERA,Mexico
1A,AGT,Amadeus IT Group,AMADEUS,Spain
JJ,AGX,Aviogenex,GENEX,Serbia
PL,PLI,Aeroperú,Aeroperu,Peru
8A,BMM,Atlas Blue,ATLAS BLUE,Morocco
GD,AHA,Air Alpha Greenland,AIR ALPHA,Denmark
HT,AHW,Aeromist-Kharkiv,AEROMIST,Ukraine
J2,AHY,Azerbaijan Airlines,AZAL,Azerbaijan
U3,AIA,Avies,AVIES,Estonia
4Y,AIB,Airbus Industrie,AIRBUS INDUSTRIE,France
KJ,AIH,Air Incheon,AIR INCHEON,South Korea
RS,ASV,Air Seoul,AIR SEOUL,South Korea
5A,AIP,Alpine Air Express,ALPINE AIR,United States
PA,ABQ,Airblue,AIRBLUE,Pakistan
W4,BES,Aero Services Executive,BIRD EXPRESS,France
IZ,AIZ,Arkia Israel Airlines,ARKIA,Israel
M6,AJT,Amerijet International,AMERIJET,United States
4A,AKL,Air Kiribati,KIRIBATI,Kiribati
EV,ASQ,Atlantic Southeast Airlines,ACEY,United States
HP,AWE,America West Airlines,CACTUS,United States
6R,TNO,Aerotransporte de Carga Union,AEROUNION,Mexico
VH,ALV,Aeropostal Alas de Venezuela,AEROPOSTAL,Venezuela
DP,AMM,Air 2000,JETSET,United Kingdom
TZ,AMT,ATA Airlines,AMTRAN,United States
YJ,AMV,AMC Airlines,AMC AIRLINES,Egypt
AM,AMX,Aeroméxico,AEROMEXICO,Mexico
TL,ANO,Airnorth,TOPEND,Australia
OY,ANS,Andes Líneas Aéreas,AEROANDES,Argentina
IW,AOM,AOM French Airlines,French Lines,France
J6,AOC,AVCOM,AERO AVCOM,Russia
2D,AOG,Aero VIP,AVIP,Argentina
VB,VIV,Aeroenlaces Nacionales,AEROENLACES,Mexico
OE,AOT,Asia Overnight Express,ASIA OVERNIGHT,Philippines
GV,ARF,Aero Flight,Aero Fox,Germany
JW,APW,Arrow Air,BIG A,United States
2B,AWT,Albawings,ALBAWINGS,Albania
4C,ARE,Aires, Aerovías de Integración Regional, S.A.,AIRES,Colombia
AR,ARG,Aerolíneas Argentinas,ARGENTINA,Argentina
AS,ASA,Alaska Airlines, Inc.,ALASKA,United States
PL,ASE,Airstars,MOROZOV,Russia
OB,ASZ,Astrakhan Airlines,AIR ASTRAKHAN,Russia
HC,ATI,Aero-Tropics Air Services,AEROTROPICS,Australia
FO,ATM,Par Avion,AIRTAS,Australia
OS,AUA,Austrian Airlines,AUSTRIAN,Austria
IQ,AUB,Augsburg Airways,AUGSBURG-AIR,Germany
RU,ABW,AirBridge Cargo,AIRBRIDGE CARGO,Russia
GR,AUR,Aurigny Air Services,AYLINE,United Kingdom
NO,AUS,Aus-Air,AUS-AIR,Australia
AU,AUT,Austral Líneas Aéreas,AUSTRAL,Argentina
K8,ZAK,Airlink Zambia,nan,Zambia
4Y,BGA,Airbus Transport International,BELUGA,France
B9,BGD,Air Bangladesh,AIR BANGLA,Bangladesh
AK,AXM,AirAsia,RED CAP,Malaysia
D7,XAX,AirAsia X,XANADU,Malaysia
DJ,WAJ,AirAsia Japan,WING ASIA,Japan
I5,IAD,AirAsia India,ARIYA,India
6V,AXY,Axis Airways,AXIS,France
EX,BJK,Atlantic Airlines,BLACKJACK,United States
3G,AYZ,Atlant-Soyuz Airlines,ATLANT-SOYUZ,Russia
AZ,AZA,Alitalia,ALITALIA,Italy
ZE,AZE,Arcus-Air Logistic,ARCUS AIR,Germany
A2,AZI,Astra Airlines,ASTRA,Greece
R7,OCA,Aserca Airlines,AROSCA,Venezuela
RX,AEH,Aviaexpress,AVEX,Hungary
MQ,EGF,American Eagle Airlines,EAGLE FLIGHT,United States
ZS,AZI,Azzurra Air,AZZURRA,Italy
ML,ETC,African Transport Trading and Investment Company,TRANATTICO,Sudan
WI,WIL,Aero Air,WILLIAMETTE,United States
VU,VUN,Air Ivoire,AIRIVOIRE,Ivory Coast
BP,BOT,Air Botswana,BOTSWANA,Botswana
GS,UPA,Air Foyle,FOYLE,United Kingdom
VT,VTA,Air Tahiti,AIR TAHITI,French Polynesia
3N,URG,Air Urga,URGA,Ukraine
VL,VIM,Air VIA,CRYSTAL,Bulgaria
FK,WTA,Africa West,WEST TOGO,Togo
G2,VXG,Avirex,AVIREX-GABON,Gabon
V8,VAS,ATRAN Cargo Airlines,ATRAN,Russian Federation
K6,KHV,Angkor Air,AIR ANGKOR,Cambodia
CA,CCA,Air China,AIR CHINA,China
Q6,CDP,Aero Condor Peru,CONDOR-PERU,Peru
5F,CIR,Arctic Circle Air Service,AIR ARCTIC,United States
QC,CRD,Air Corridor,AIR CORRIDOR,Mozambique
NV,CRF,Air Central,AIR CENTRAL,Japan
CV,CVA,Air Chathams,CHATHAM,New Zealand
CW,CWM,Air Marshall Islands,AIR MARSHALLS,Marshall Islands
AH,DAH,Air Algérie,AIR ALGERIE,Algeria
ER,DHL,Astar Air Cargo,D-H-L,United States
EN,DLA,Air Dolomiti,DOLOMITI,Italy
NM,DRD,Air Madrid,ALADA AIR,Spain
6R,DRU,Alrosa Air Company,MIRNY,Russia
EE,EAY,Aero Airlines,REVAL,Estonia
4F,ECE,Air City,AIRCITY,Germany
E8,ELG,Alpi Eagles,ALPI EAGLES,Italy
RF,EOK,Aero K,AEROHANKUK,South Korea
KY,EQL,Air São Tomé and Príncipe,EQUATORIAL,São Tomé and Príncipe
E2/E6,EWE/EWL,Eurowings Europe,EUROPWINGS BLACK PEARL,Austria
PC,FAJ,Air Fiji,FIJIAIR,Fiji
JH,FDA,Fuji Dream Airlines,FUJI DREAM,Japan
OF,FIF,Air Finland,AIR FINLAND,Finland
FJ,FJI,Fiji Airways,PACIFIC,Fiji
RC,FLI,Atlantic Airways,FAROELINE,Faroe Islands
QH,FLZ,Aero Leasing,AIR FLORIDA,United States
NY,FXI,Air Iceland,FAXI,Iceland
2P,GAP,Air Philippines,ORIENT PACIFIC,Philippines
ZX,GGN,Air Georgian,GEORGIAN,Canada
2U,GIP,Air Guinee Express,FUTURE EXPRESS,Guinea
0A,GNT,Amber Air,GINTA,Lithuania
DA,GRG,Air Georgia,AIR GEORGIA,Georgia
LL,GRO,Allegro,ALLEGRO,Mexico
5Y,GTI,Atlas Air,GIANT,United States
GG,GUY,Air Guyane,GREEN BIRD,French Guiana
H9,HAD,Air d'Ayiti,HAITI AVIA,Haiti
GG,HAH,Air Comores International,AIR COMORES,Comoros
HD,HLN,Air Holland,ORANGE,Netherlands
8C,HZT,Air Horizon,HORIZON TOGO,Togo
W9,JAB,Air Bagan,AIR BAGAN,Myanmar
IP,JOL,Atyrau Air Ways,EDIL,Kazakhstan
QK,JZA,Air Canada Jazz,JAZZ,Canada
KK,KKK,Atlasjet,ATLASJET,Turkey
JS,KOR,Air Koryo,AIR KORYO,North Korea
KC,KZR,Air Astana,ASTANALINE,Kazakhstan
LV,LBC,Albanian Airlines,ALBANIAN,Albania
3S,BOX,Aerologic,GERMAN CARGO,Germany
QP,AKJ,Akasa Air,AKASA AIR,India
H7,LFA,Air Alfa,AIR ALFA,Turkey
D4,LID,Alidaunia,ALIDA,Italy
9I,LLR,Air India Regional,ALLIED,India
4Z,LNK,Airlink,LINK,South Africa
FL,LPA,Air Leap,LEAP,Sweden
A6,LPV,Air Alps Aviation,ALPAV,Austria
TD,LUR,Atlantis European Airways,ATLANTIS,Armenia
L8,LXG,Air Luxor GB,LUXOR GOLF,Guinea-Bissau
LK,LXR,Air Luxor,AIRLUXOR,Portugal
MK,MAU,Air Mauritius,AIRMAURITIUS,Mauritius
MD,MDG,Air Madagascar,AIR MADAGASCAR,Madagascar
9U,MLD,Air Moldova,AIR MOLDOVA,Moldova
L9,MLI,Air Mali,AIR MALI,Mali
A7,MPD,Air Plus Comet,RED COMET,Spain
QO,MPX,Aeromexpress,AEROMEXPRESS,Mexico
MR,MRT,Air Mauritanie,MIKE ROMEO,Mauritania
SM,MSC,Air Cairo,AIR CAIRO,Egypt
F4,NBK,Albarka Air,AL-AIR,Nigeria
AJ,NIG,Aero Contractors,AEROLINE,Nigeria
8Y,PBU,Air Burundi,AIR-BURUNDI,Burundi
OT,PEL,Aeropelican Air Services,PELICAN,Australia
AD,PRZ,Air Paradise International,RADISAIR,Indonesia
QD,QCL,Air Class Líneas Aéreas,ACLA,Uruguay
QS,QSC,African Safari Airways,ZEBRA,Kenya
4Y,RBU,Airbus France,AIRBUS FRANCE,France
AG,ARU,Aruba Airlines,ARUBA,Aruba
MC,RCH,Air Mobility Command,REACH,United States
RE,REA,Aer Arann,AER ARANN,Ireland
UU,REU,Air Austral,REUNION,France
ZP,AZP,Amaszonas Paraguay,GUARANI,Paraguay
6K,RIT,Asian Spirit,ASIAN SPIRIT,Philippines
A5,RLA,Airlinair,AIRLINAIR,France
NZ,RLK,Air Nelson,NELSON,New Zealand
QL,RLN,Aero Lanka,AERO LANKA,Sri Lanka
R3,RME,Armenian Airlines,ARMENIAN,Armenia
MV,RML,Air Mediterranean,HELLASMED,Greece
2O,RNE,Air Salone,AIR SALONE,Sierra Leone
U8,RNV,Armavia,ARMAVIA,Armenia
BQ,ROM,Aeromar Lineas Aereas Dominicanas,BRAVO QUEBEC,Dominican Republic
P5,RPB,AeroRepública,AEROREPUBLICA,Colombia
E4,RSO,Aero Asia International,AERO ASIA,Pakistan
BF,RSR,Aero-Service,CONGOSERV,Republic of the Congo
5L,RSU,AeroSur,AEROSUR,Bolivia
EX,SDO,Air Santo Domingo,AERO DOMINGO,Dominican Republic
JR,SER,Aero California,AEROCALIFORNIA,Mexico
Z3,SMJ,Avient Aviation,AVAVIA,Zimbabwe
M3,SPJ,Air Service,AIR SKOPJE,Macedonia
8D*,SUW,Astair,nan,Russian Federation
GM,SVK,Air Slovakia,SLOVAKIA,Slovakia
R3,SYL,Aircompany Yakutia,AIR YAKUTIA,Russia
HC,SZN,Air Senegal,AIR SENEGAL,Senegal
VW,TAO,Aeromar,TRANS-AEROMAR,Mexico
JY,TCI,Air Turks and Caicos,KERRMONT,Turks and Caicos Islands
CG,TOK,Airlines PNG,BALUS,Papua New Guinea
TY,TPC,Air Calédonie,AIRCAL,France
FL,TRS,AirTran Airways,CITRUS,United States
TS,TSC,Air Transat,AIR TRANSAT,Canada
EC,TWN,Avialeasing Aviation Company,TWINARROW,Uzbekistan
U7,UGA,Air Uganda,UGANDA,Uganda
6U,UKR,Air Ukraine,AIR UKRAINE,Ukraine
KO,AER,Alaska Central Express,ACE AIR,United States
KH,AAH,Aloha Air Cargo,ALOHA,United States
AQ,AAH,Aloha Airlines,ALOHA,United States
AA,AAL,American Airlines,AMERICAN,United States
WD*,AAN,Amsterdam Airlines,AMSTEL,Netherlands
HO,DJA,Antinea Airlines,ANTINEA,Algeria
OZ,AAR,Asiana Airlines,ASIANA,South Korea
AG,ABR,ASL Airlines Ireland,CONTRACT,Ireland
8V,ACP,Astral Aviation,ASTRAL CARGO,Kenya
XM,XME,Australian airExpress,AUS-CARGO,Australia
AO,AUZ,Australian Airlines,AUSTRALIAN,Australia
XP,VXP,Avelo Airlines,AVELO,United States
VE,AVE,Avensa,AVENSA,Venezuela
6A,CHP,Aviacsa,AVIACSA,Mexico
AV,AVA,Avianca,AVIANCA,Colombia
A0,MCJ,Avianca Argentina,JETMAC,Argentina
O6,ONE,Avianca Brasil,OCEAN AIR,Brazil
2K,GLG,Avianca Ecuador,GALAPAGOS,Ecuador
V5,VLI,Avolar Aerolíneas,AEROVOLAR,Mexico
AD,AZU,Azul Linhas Aéreas Brasileiras,Azul,Brazil
CJ,CFE,BA CityFlyer,FLYER,United Kingdom
TH,BRT,BA Connect,BRITISH,United Kingdom
B4,BCF,BACH Flugbetriebsges,BACH,Austria
J4,BDR,Badr Airlines,BADR AIR,Sudan
UP,BHS,Bahamasair,BAHAMAS,Bahamas
8Q*,BAJ,Baker Aviation,RODEO,United States
V9,BTC,BAL Bashkirian Airlines,BASHKIRIAN,Russia
LZ,LAZ,Balkan Bulgarian Airlines,BALKAN,Bulgaria
BQ,BTL,Baltia Air Lines,BALTIA,United States
QH,BAV,Bamboo Airways,BAMBOO,Vietnam
QO,AJC,Bar Harbor Airlines,BAR HARBOR,United States
B3,BTN,Bhutan Airlines,BHUTAN AIR,Bhutan
L9,BAL,Belle Air Europe,BELLEAIR EUROPE,Italy
BA,BAW,British Airways,SPEEDBIRD,United Kingdom
BG,BBC,Biman Bangladesh Airlines,BANGLADESH,Bangladesh
BO,BBD,Bluebird Nordic,BLUE CARGO,Iceland
BO,BBW,BB Airways,BEEBEE AIRWAYS,Nepal
SI,BCI,Blue Islands,BLUE ISLAND,United Kingdom
EO,BCL,British Caribbean Airways,nan,United Kingdom
WX,BCY,CityJet,CITY JET,Ireland
BZ,BDA,Blue Dart Aviation,BLUE DART,India
JA,BON,B&H Airlines,Air Bosna,Bosnia and Herzegovina
J4,BFL,Buffalo Airways,BUFFALO,Canada
8H,BGH,BH Air,BALKAN HOLIDAYS,Bulgaria
A8,BGL,Benin Golf Air,BENIN GOLF,Benin
U4,BHA,Buddha Air,BUDDHA AIR,Nepal
UH,BHL,Bristow Helicopters,BRISTOW,United Kingdom
4T,BHP,Belair Airlines,BELAIR,Switzerland
BS,BIH,British International Helicopters,BRINTEL,United Kingdom
B4,BKA,Bankair,BANKAIR,United States
PG,BKP,Bangkok Airways,BANGKOK AIR,Thailand
KF,BLF,Blue1,BLUEFIN,Finland
JV,BLS,Bearskin Lake Air Service,BEARSKIN,Canada
B3,BLV,Bellview Airlines,BELLVIEW AIRLINES,Nigeria
BD,BMA,BMI,MIDLAND,United Kingdom
2T,BMA,BermudAir,GOSLING,Bermuda
BM,BMR,BMI Regional,MIDLAND,United Kingdom
WW,BMI,Bmibaby,BABY,United Kingdom
CH,BMJ,Bemidji Airlines,BEMIDJI,United States
5Z,BML,Bismillah Airlines,BISMILLAH,Bangladesh
BN,BNF,Braniff International Airways,Braniff,United States
AB,BNZ,Bonza,BONZA,Australia
BO,BOU,Bouraq Indonesia Airlines,BOURAQ,Indonesia
BV,BPA,Blue Panorama Airlines,BLUE PANORAMA,Italy
7R,BRB,BRA-Transportes Aéreos,BRA-TRANSPAEREOS,Brazil
8E,BRG,Bering Air,BERING AIR,United States
TH,BRT,British Regional Airlines,BRITISH,United Kingdom
B2,BRU,Belavia Belarusian Airlines,BELARUS AVIA,Belarus
GQ,BSY,Big Sky Airlines,BIG SKY,United States
ID,BTK,Batik Air,BATIK,Indonesia
4B,BTQ,Boutique Air,BOUTIQUE,United States
Y6,BTV,Batavia Air,BATAVIA,Indonesia
L9,BTZ,Bristow U.S. LLC,BRISTOW,United States
1T,BUC,Bulgarian Air Charter,BULGARIAN CHARTER,Bulgaria
BU,BUN,Buryat Airlines Aircompany,BURAL,Russia
J8,BVT,Berjaya Air,BERJAYA,Malaysia
B3,BVU,Bellview Airlines, Sierra Leone,BELLVIEW AIRLINES,Sierra Leone
QW,BWG,Blue Wings,BLUE WINGS,Germany
SN,BXI,Brussels Airlines,XENIA,Belgium
DB,BZH,Brit Air,BRITAIR,France
JD,CBJ,Beijing Capital Airlines,CAPITAL JET,China
E9,CXS,Boston-Maine Airways,CLIPPER CONNECTION,United States
SN,BEL,Brussels Airlines,BEE-LINE,Belgium
NT,IBB,Binter Canarias,BINTER,Spain
0B,BLA,Blue Air,BLUE AIR,Romania
KJ,LAJ,British Mediterranean Airways,BEE MED,United Kingdom
FB,LZB,Bulgaria Air,FLYING BULGARIA,Bulgaria
8N,NKF,Barents AirLink,NORDFLIGHT,Sweden
OB,BOV,Boliviana de Aviación,BOLIVIANA,Bolivia
YB,BRJ,Borajet,BORA JET,Turkey
MX,MXY,Breeze Airways,MOXY,United States
VL,LHX,City Airlines,CITYAIR,Germany
4A,DYN,California Pacific Airlines,AERODYNAMICS,United States
QC,CRC,Camair-Co,CAMAIRCO,Cameroon
KR,KME,Cambodia Airways,GIANT IBIS,Cambodia
5C,ICL,Challenge Airlines IL,CAL,Israel
AW,SCH,CHC Airways,SCHREINER,Netherlands
3C,CMV,Calima Aviación,CALIMA,Spain
MO,CAV,Calm Air,CALM AIR,Canada
R9,CAM,Camai Air,AIR CAMAI,United States
K6,KHV,Cambodia Angkor Air,ANGKOR AIR,Cambodia
UY,UYC,Cameroon Airlines,CAM-AIR,Cameroon
C6,CJA,CanJet,CANJET,Canada
CP,CDN,Canadian Airlines,CANADIAN,Canada
7F,AKT,Canadian North,ARCTIC,Canada
CP,CPC,Canadian Pacific Airlines,EMPRESS,Canada
W2,CWA,Canadian Western Airlines,CANADIAN WESTERN,Canada
9K,KAP,Cape Air,CAIR,United States
PT,CCI,Capital Cargo International Airlines,CAPPY,United States
GG,GGC,Cargo 360,LONG-HAUL,United States
P3,CLU,Cargo Logic Air,FIREBIRD,United Kingdom
2G,CRG,Cargoitalia,WHITE PELICAN,Italy
W8,CJT,Cargojet Airways,CARGOJET,Canada
CV,CLX,Cargolux,CARGOLUX,Luxembourg
C8,ICV,Cargolux Italia,CARGO MED,Italy
BW,BWA,Caribbean Airlines,CARIBBEAN AIRLINES,Trinidad and Tobago
8B,GFI,Caribbean Star Airlines,CARIB STAR,Antigua and Barbuda
V3,KRP,Carpatair,CARPATAIR,Romania
RV,CPN,Caspian Airlines,CASPIAN,Iran
KA,HDA,Cathay Dragon,DRAGON,Hong Kong
CX,CPA,Cathay Pacific,CATHAY,Hong Kong
KX,CAY,Cayman Airways,CAYMAN,Cayman Islands
5J,CEB,Cebu Pacific,CEBU,Philippines
2C,CMA,CMA-CGM AIRCARGO,FRENCH CARGO,France
9M,GLR,Central Mountain Air,GLACIER,Canada
J7,CVC,Centre-Avia,AVIACENTRE,Russia
WE,CWC,Centurion Air Cargo,CHALLENGE CARGO,United States
GM,GSW,Chair Airlines,EIGER,Switzerland
OP,CHK,Chalk's International Airlines,CHALKS,United States
MG,CCP,Champion Air,CHAMPION AIR,United States
2Z,CGN,Chang An Airlines,CHANGAN,China
S8,CSU,Chari Aviation Services,CHARI SERVICE,Chad
RP*,CHQ,Chautauqua Airlines,CHAUTAUQUA,United States
C8,WDY,Chicago Jet Group,WINDY CITY,United States
CI,CAL,China Airlines,DYNASTY,Taiwan
CK,CKK,China Cargo Airlines,CARGO KING,China
MU,CES,China Eastern Airlines,CHINA EASTERN,China
G5,HXA,China Express Airlines,CHINA EXPRESS,China
CJ,CBF,China Northern Airlines,CHINA NORTHERN,China
WH,CNW,China Northwest Airlines,CHINA NORTHWEST,China
8Y,CYZ,China Postal Airlines,CHINA POST,China
CZ,CSN,China Southern Airlines,CHINA SOUTHERN,China
KN,CUA,China United Airlines,LIANHANG,China
XO,CXH,China Xinhua Airlines,XINHUA,China
3Q,CYH,China Yunnan Airlines,YUNNAN,China
X7,CHF,Chitaavia,CHITA,Russia
OQ,CQN,Chongqing Airlines,CHONG QING,China
A2,CIU,Cielos Airlines,CIELOS,Peru
QI,CIM,Cimber Sterling,CIMBER,Denmark
C7,CIN,Cinnamon Air,CINNAMON,Sri Lanka
C9,RUS,Cirrus Airlines,CIRRUS AIR,Germany
G3,CIX,City Connexion Airlines,CONNEXION,Burundi
WX,BCY,CityJet,CITY-IRELAND,Ireland
CJ,CFE,CityFlyer Express,FLYER,United Kingdom
CT,CAT,Civil Air Transport,Mandarin,Taiwan
6P,ISG,Club Air,CLUBAIR,Italy
BX,CST,Coast Air,COAST CENTER,Norway
9L,CJC,Colgan Air,COLGAN,United States
YD,CAT,Cologne Air Transport GmbH,nan,Germany
OH,COM,Comair,COMAIR,United States
MN,CAW,Comair,COMMERCIAL,South Africa
C5,UCA,CommutAir,COMMUTAIR,United States
KR,CWK,Comores Airlines,CONTICOM,Comoros
CP,CPZ,Compass Airlines,COMPASS ROSE,United States
DE,CFG,Condor Flugdienst,CONDOR,Germany
CO,COA,Continental Airlines,CONTINENTAL,United States
CS,CMI,Continental Micronesia,AIR MIKE,United States
CS,CS,Cambrian Airways,Cambrian,United Kingdom
V0,VCV,Conviasa,CONVIASA,Venezuela
CM,CMP,Copa Airlines,COPA,Panama
CQ,CCW,Central Charter,CENTRAL CHARTER,Czech Republic
XC,CAI,Corendon Airlines,CORENDON,Turkey
CD,CND,Corendon Dutch Airlines,DUTCH CORENDON,Netherlands
XR,CXI,Corendon Airlines Europe,TOURISTIC,Malta
LF,VTE,Contour Airlines,VOLUNTEER,United States
SS,CRL,Corsairfly,CORSAIR,France
XK,CCM,Corse Méditerranée,CORSICA,France
F5,COZ,Cosmic Air,COSMIC AIR,Nepal
GW,CRG,Costa Rica Green Airways,nan,Costa Rica
7C,COY,Coyne Aviation,COYNE AIR,United Kingdom
OU,CTN,Croatia Airlines,CROATIA,Croatia
QE,ECC,Crossair Europe,Cigogne,Switzerland
CU,CUB,Cubana de Aviación,CUBANA,Cuba
CY,CYP,Cyprus Airways,CYPRUS,Cyprus
YK,KYV,Cyprus Turkish Airlines,AIRKIBRIS,Turkey
OK,CSA,Czech Airlines,CSA-LINES,Czech Republic
8L,CGP,Cargo Plus Aviation,nan,United Arab Emirates
5Z,KEM,CemAir,CEMAIR,South Africa
XG,CLI,Clickair,CLICKJET,Spain
PN,CHB,West Air (China),WEST CHINA,China
DL,DLH,Deutsche Luft Hansa,DEUTSCHE LUFT HANSA,Germany
V5,VPA,DanubeWings,VIP TAXI,Slovakia
WD,DSR,DAS Air Cargo,DAIRAIR,Uganda
DX,DTR,DAT Danish Air Transport,DANISH,Denmark
D0,DHK,DHL Air Limited,WORLD EXPRESS,United Kingdom
ES,DHX,DHL International,DILMUN,Bahrain
L3,JOS,DHL de Guatemala,nan,Guatemala
D3,DAO,Daallo Airlines,DALO AIRLINES,Djibouti
N2,DAG,Dagestan Airlines,DAGAL,Russia
CA,CCD,Dalian Airlines,XIANGJIAN,China
H8,KHB,Dalavia,DALAVIA,Russia
DD,DDL,Danish Air Lines,nan,Denmark
0D,DWT,Darwin Airline,DARWIN,Switzerland
D5,DAU,Dauair,DAUAIR,Germany
DL,DAL,Delta Air Lines,DELTA,United States
J7,DNM,Denim Air,DENIM,Netherlands
1I,AMB,Deutsche Rettungsflugwacht,CIVIL AIR AMBULANCE,Germany
AW,DIR,Dirgantara Air Service,DIRGANTARA,Indonesia
DH,DVA,Discovery Airways,DISCOVERY AIRWAYS,United States
Z6,UDN,Dniproavia,DNIEPRO,Ukraine
YU,ADM,Dominair,DOMINAIR,Dominican Republic
DO,DOA,Dominicana de Aviación,DOMINICANA,Dominican Republic
E3,DMO,Domodedovo Airlines,DOMODEDOVO,Russia
D9,DNV,Donavia,DONAVIA,Russia
5D,UDC,DonbassAero,DONBASS AERO,Ukraine
DZ,EPA,Donghai Airlines,DONGHAI AIR,China
KB,DRK,Druk Air,ROYAL BHUTAN,Bhutan
DI,BAG,Dba,SPEEDWAY,Germany
HO,DKH,Juneyao Air,AIR JUNEYAO,China
MQ,ENY,Envoy Air,ENVOY,United States
EL,ELB,Ellinair,ELLINAIR HELLAS,Greece
9E,EDV,Endeavor Air,ENDEAVOR,United States
VE,EUJ,EUjet,UNION JET,Ireland
H7,EGU,Eagle Air,AFRICAN EAGLE,Uganda
NZ,EAG,Eagle Airways,EAGLE,New Zealand
9A,EZX,Eagle Express Air Charter,EAGLEXPRESS,Malaysia
S9,HSA,East African Safari Air,DUMA,Kenya
E3,EMU,East Asia Airlines,EAST ASIA,Macao
ZE,ESR,Eastar Jet,EASTAR,South Korea
EA,EAL,Eastern Air Lines,EASTERN,United States
T3,EZE,Eastern Airways,EASTFLIGHT,United Kingdom
QF,EAQ,Eastern Australia Airlines,EASTERN,Australia
DK,ELA,Eastland Air,nan,Australia
W9,SGR,Eastwind Airlines,STINGER,United States
EC,EJU,easyJet Europe,ALPINE,Austria
DS,EZS,easyJet Switzerland,TOPSWISS,Switzerland
U2,EZY,easyJet UK,EASY,United Kingdom
WK,EDW,Edelweiss Air,EDELWEISS,Switzerland
MS,MSR,Egyptair,EGYPTAIR,Egypt
LY,ELY,El Al Israel Airlines,ELAL,Israel
UZ,BRQ,El-Buraq Air Transport,BURAQAIR,Libya
EA,EAI,Emerald Airlines,GEMSTONE,Ireland
EK,UAE,Emirates Airlines,EMIRATES,United Arab Emirates
EM,CFS,Empire Airlines,EMPIRE AIR,United States
EU,EEA,Empresa Ecuatoriana De Aviación,ECUATORIANA,Ecuador
G8,ENK,Enkor JSC,ENKOR,Russia
OF,ENT,Enter Air,ENTER,Poland
E0,ESS,Eos Airlines,NEW DAWN,United States
B8,ERT,Eritrean Airlines,ERITREAN,Eritrea
E7,ESF,Estafeta Carga Aérea,nan,Mexico
OV,ELL,Estonian Air,ESTONIAN,Estonia
ET,ETH,Ethiopian Airlines,ETHIOPIAN,Ethiopia
EY,ETD,Etihad Airways,ETIHAD,United Arab Emirates
MM,MMZ,EuroAtlantic Airways,EUROATLANTIC,Portugal
M9,SEB,Euroavia Airlines,EURO AVIA,Cyprus
UI,ECA,Eurocypria Airlines,EUROCYPRIA,Cyprus
GJ,EEZ,Eurofly,E-FLY,Italy
K2,ELO,Eurolot,EUROLOT,Poland
3W,EMX,Euromanx Airways,EUROMANX,Austria
5O,FPO,Europe Airpost,FRENCH POST,France
EA,EAL,European Air Express,STAR WING,Germany
QY,BCS,European Air Transport,POSTMAN,Belgium
E7,EAF,European Aviation Air Charter,EUROCHARTER,United Kingdom
EW,EWG,Eurowings,EUROWINGS,Germany
4Y,OCN,Eurowings Discover,OCEAN,Germany
E6,EWL,Eurowings Europe,Black Pearl,Malta
BR,EVA,EVA Air,EVA,Taiwan
EZ,EIA,Evergreen International Airlines,EVERGREEN,United States
ZD,EWR,Ewa Air,MAYOTTE AIR,France
JN,XLA,Excel Airways,EXPO,United Kingdom
MB,EXA,Execair Aviation,CANADIAN EXECAIRE,Canada
OW,EXK,Executive Airlines,EXECUTIVE EAGLE,United States
EO,LHN,Express One International,LONGHORN,United States
EV,ASQ,ExpressJet,ACEY,United States
8K,EVS,Exploits Valley Air Services,EVAS,Canada
FE,FEA,Far Eastern Air Transport,Far Eastern,Taiwan
F6,RCK,FaroeJet,ROCKROSE,Faroe Islands
F3,FSW,Faso Airways,FASO,Burkina Faso
FX,FDX,FedEx Express,FEDEX,United States
N8,HGK,Fika Salaama Airlines,SALAAMA,Uganda
4S,FNC,Finalair Congo,FINALAIR CONGO,Republic of the Congo
AY,FIN,Finnair,FINNAIR,Finland
FC,WBA,Finncomm Airlines,WESTBIRD,Finland
FY,FFM,Firefly,FIREFLY,Malaysia
7F,FAB,First Air,FIRST AIR,Canada
8F,FFR,Fischer Air,FISCHER,Czech Republic
8D,EXV,FitsAir,EXPOAVIA,Sri Lanka
F8,FLE,Flair Airlines,FLAIR,Canada
B5,FLT,Flightline,FLIGHTLINE,United Kingdom
PA,FCL,Florida Coastal Airlines,FLORIDA COASTAL,United States
RF,FWL,Florida West International Airways,FLO WEST,United States
F2,FLM,Fly Air,FLY WORLD,Turkey
8W,EDR,Fly All Ways,BIRDVIEW,Suriname
G6,ACY,Fly Arna,ARNA,Armenia
9Y,FGE,Fly Georgia,GEORGIA WING,Georgia
OJ,FJM,Fly Jamaica Airways,GREENHEART,Jamaica
9P,FJL,Fly Jinnah,Okaab,Pakistan
SH,FLY,Fly Me Sweden,FLYBIRD,Sweden
FP,PVV[23],Fly Pro,Sunday,Moldova
6P,IAD,Fly Wex,FLYWEX,Italy
F6,VAW,Fly2Sky,SOFIA JET,Bulgaria
D7,XFA,FlyAsianXpress,FAX AIR,Malaysia
F7,BBO,Flybaboo,BABOO,Switzerland
BE,BEE,Flybe,JERSEY,United Kingdom
FO,FBZ,Flybondi,BONDI,Argentina
FT,FEG,FlyEgypt,SKY EGYPT,Egypt
Y2,GSM,Flyglobespan,GLOBESPAN,United Kingdom
SX,TOR,FlyGTA Airlines,HOMERUN,Canada
W3,FYH,Flyhy Cargo Airlines,FLY HIGH,Thailand
TE,LIL,FlyLal,LITHUANIA AIR,Lithuania
XY,KNE,Flynas,NAS EXPRESS,Saudi Arabia
LF,NDC,FlyNordic,NORDIC,Sweden
FP,FRE,FlyPelican,PELICAN,Australia
FS,FOX,Flyr,GREENSTAR,Norway
VK,FVK,FlyViking,BALDER,Norway
VY,FOS,Formosa Airlines,nan,Taiwan
5F,FIA,FlyOne,FIA,Moldova
3F,FIE,FlyOne Armenia,ARMRIDER,Armenia
HK,FSC,Four Star Aviation / Four Star Cargo,FOUR STAR,United States
FH,FHY,Freebird Airlines,FREEBIRD AIR,Turkey
SJ,FOM,Freedom Air,FREE AIR,New Zealand
FP,FRE,Freedom Air,FREEDOM,United States
F9,FFT,Frontier Airlines,FRONTIER FLIGHT,United States
2F,FTA,Frontier Flying Service,FRONTIER-AIR,United States
FH,FUA,Futura International Airways,FUTURA,Spain
FZ,FDB,Flydubai,SKYDUBAI,UAE
Y5,GMR,Golden Myanmar Airlines,GOLDEN MYANMAR,Myanmar
GT,GBL,GB Airways,GEEBEE AIRWAYS,United Kingdom
Z5,GMG,GMG Airlines,GMG,Bangladesh
7O,GAL,Galaxy Air,GALAXY,Kyrgyzstan
GC,GNR,Gambia International Airlines,GAMBIA INTERNATIONAL,Gambia
G7,GNF,Gandalf Airlines,Gandalf,Italy
GA,GIA,Garuda Indonesia,INDONESIA,Indonesia
4G,GZP,Gazpromavia,GAZPROMAVIA,Russia
GR,GCO,Gemini Air Cargo,GEMINI,United States
A9,TGZ,Georgian Airways,TAMAZI,Georgia
QB,GFG,Georgian National Airlines,NATIONAL,Georgia
HE,LGW,German Airways,WALTER,Germany
ST,GMI,Germania,GERMANIA,Germany
4U,GWI,Germanwings,GERMAN WINGS,Germany
GP,RIV,APG Airlines,RIVERA,France
GH,GLP,Globus Airlines,GLOBUS,Russia
GH,GHA,Ghana Airways,GHANA,Ghana
G0,GHB,Ghana International Airlines,GHANA AIRLINES,Ghana
6G,RLX,Go2Sky,RELAX,Slovakia
G8,GOW,GoAir,GOAIR,India
G7,GJS,GoJet Airlines,LINDBERGH,United States
G3,GLO,Gol Transportes Aéreos,GOL TRANSPORTE,Brazil
DC,GAO,Golden Air,GOLDEN,Sweden
5Z,GON,Gonini Air Services,GONINI,Suriname
GV,GUN,Grant Aviation,HOOT,United States
ZK,GLA,Great Lakes Airlines,LAKES AIR,United States
IJ,GWL,Great Wall Airlines,GREAT WALL,China
HB,HGB,Greater Bay Airlines,GREATER BAY,Hong Kong
G6,BSR,Guine Bissaur Airlines,BISSAU AIRLINES,Guinea-Bissau
J9,GIF,Guinee Airlines,GUINEE AIRLINES,Guinea
G8,GUJ,Gujarat Airways,GUJARATAIR,India
GF,GFA,Gulf Air,GULF AIR,Bahrain
EO,ALX,Hewa Bora Airways,ALLCONGO,Democratic Republic of the Congo
A5,HOP,Hop!,AIR HOP,France
H6,HAG,Hageland Aviation Services,HAGELAND,United States
HR,HHN,Hahn Air,ROOSTER,Germany
HU,CHH,Hainan Airlines,HAINAN,China
2T,HAM,Haiti Ambassador Airlines,nan,Haiti
4R,HHI,Hamburg International,HAMBURG JET,Germany
X3,HLX,Hapag-Lloyd Express,YELLOW CAB,Germany
HF,HLF,Hapagfly,HAPAG LLOYD,Germany
HB,HAR,Harbor Airlines,HARBOR,United States
HQ,HMY,Harmony Airways,HARMONY,Canada
HA,HAL,Hawaiian Airlines,HAWAIIAN,United States
HN,HVY,Heavylift Cargo Airlines,HEAVY CARGO,Australia
NS,HBH,Hebei Airlines,HEBEI AIR,China
JB,JBA,Helijet,HELIJET,Canada
ZU,HCY,Helios Airways,HELIOS,Cyprus
9I,HTA,Helitrans,SCANBIRD,Norway
HJ,HEJ,Hellas Jet,HELLAS JET,Greece
HW,FHE,Hello,FLYHELLO,Switzerland
2L,OAW,Helvetic Airways,HELVETIC,Switzerland
UD,HER,Hex'Air,HEX AIRLINE,France
5K,HFY,Hi Fly,SKY FLYER,Portugal
H9,HIM,Himalaya Airlines,HIMALAYA,Nepal
H7,HYM,HiSky,SKY MOLDOVA,Moldova
H4,HYS,HiSky Europe,SKY EUROPE,Romania
VM,VMS,His Majesty King Maha Vajiralongkorn,VICTOR MIKE[27],Thailand
H5,HOA,Hola Airlines,HOLA,Spain
HC,HCC,Holidays Czech Airlines,CZECH HOLIDAYS,Czech Republic
HX,CRK,Hong Kong Airlines,BAUHINIA,Hong Kong
RH,HKC,Hong Kong Air Cargo,MASCOT,Hong Kong
UO,HKE,Hong Kong Express Airways,HONGKONG SHUTTLE,Hong Kong
A6,HTU,Hongtu Airlines,HONGLAND,China
QX,QXE,Horizon Air,HORIZON AIR,United States
BN,HZA,Horizon Airlines,HORIZON,Australia
HJ,USW,HumoAir,AKSAR,Uzbekistan
HW,UBD,FlyErbil,HAWLER,Iraqi Kurdistan
MR,MML,Hunnu Air,TRANS MONGOLIA,Mongolia
I4,EXP,Island Air Express,ISLAND EXPRESS,United States
IK,KAR,Ikar,IKAR,Russian Federation
IB,IBE,Iberia Airlines,IBERIA,Spain
II,CSQ,IBC Airways,CHASQUI,United States
I2,IBS,Iberia Express,IBEREXPRESS,Spain
TY,IWD,Iberworld,IBERWORLD,Spain
FW,IBX,Ibex Airlines,IBEX,Japan
0C,IBL,IBL Aviation,CATOVAIR,Mauritius
C3,IPR,Independent Carrier (ICAR),ICAR,Ukraine
FI,ICE,Icelandair,ICEAIR,Iceland
V8,IAR,Iliamna Air Taxi,ILIAMNA AIR,United States
DH,IDE,Independence Air,INDEPENDENCE AIR,United States
I7,IOA,IndiaOne Air,INDIA FIRST,India
6E,IGO,IndiGo,IFLY,India
IC,IAC,Indian Airlines,INDAIR,India
I9,IBU,Indigo Airlines,INDIGO BLUE,United States
VP,AXC,Indochina Airlines,AIRSPUP,Vietnam
QZ,AWQ,Indonesia AirAsia,WAGON AIR,Indonesia
IO,IAA,Indonesian Airlines,INDO LINES,Indonesia
H4,IIN,Inter Island Airways,nan,Cape Verde
D6,ILN,Interair South Africa,INLINE,South Africa
ZA,SUW,Interavia Airlines,ASTAIR,Russia
JY,IWY,InterCaribbean Airways,ISLANDWAYS,Turks and Caicos Islands
RS,ICT,Intercontinental de Aviación,CONTAVIA,Colombia
4O,AIJ,Interjet,ABC AEROLINEAS,Mexico
ID,ITK,Interlink Airlines,INTERLINK,South Africa
3L,ISK,Intersky,INTERSKY,Austria
I4,FWA,Interstate Airlines,FREEWAYAIR,Netherlands
IR,IRA,Iran Air,IRANAIR,Iran
EP,IRC,Iran Aseman Airlines,ASEMAN,Iran
B9,IRB,Iran Airtour,AIRTOUR,Iran
IA,IAW,Iraqi Airways,IRAQI,Iraq
IH,MZA,Irtysh Air,IRTYSH AIRLINES,Kazakhstan
2S,SDY,Island Express,SANDY ISLE,United States
IF,ISW,Islas Airways,PINTADERA,Spain
WC,ISV,Islena De Inversiones,nan,Honduras
6H,ISR,Israir,ISRAIR,Israel
AZ,ITY,ITA Airways,ITARROW,Italy
FS,ACL,Itali Airlines,SPADA,Italy
GI,IKA,Itek Air,ITEK-AIR,Kyrgyzstan
H9,IZM,Izair,IZMIR,Turkey
JC,JEX,JAL Express,JANEX,Japan
JO,JAZ,JALways,JALWAYS,Japan
MT,JMC,JMC Airlines,JAYEMMSEE,United Kingdom
JI,JAE,Jade Cargo International,JADE CARGO,China
3X,JAC,Japan Air Commuter,COMMUTER,Japan
JL,JAL,Japan Airlines,JAPANAIR,Japan
JL,JAL,Japan Airlines Domestic,J-BIRD,Japan
EG,JAA,Japan Asia Airways,ASIA,Japan
NU,JTA,Japan Transocean Air,JAI OCEAN,Japan
JA,JAT,JetSMART,ROCKSMART,Chile
JZ,JAP,JetSMART Perú,RED SMART,Peru
WJ,JES,JetSMART Argentina,SMARTBIRD,Argentina
JU,JAT,Jat Airways,JAT,Serbia
VJ,JTY,Jatayu Airlines,JATAYU,Indonesia
J9,JZR,Jazeera Airways,JAZEERA,Kuwait
7C,JJA,Jeju Air,JEJU AIR,Republic of Korea
O2,JEA,OLT Express,JETA,Poland
9W,JAI,Jet Airways,JET AIRWAYS,India
PP,PJS,Jet Aviation,JETAVIATION,Switzerland
3K,JSA,Jetstar Asia Airways,JETSTAR ASIA,Singapore
LS,EXS,Jet2.com,CHANNEX,United Kingdom
B6,JBU,JetBlue Airways,JETBLUE,United States
JF,JAA,Jet Asia Airways,JET ASIA,Thailand
0J,JCS,Jetclub,JETCLUB,Switzerland
SG,JGO,JetsGo,JETSGO,Canada
JQ,JST,Jetstar,JETSTAR,Australia
GK,JJP,Jetstar Japan,ORANGE LINER,Japan
JM,JKT,Jetstar Hong Kong Airways,KAITAK,China
JX,JEC,Jett8 Airlines Cargo,TAIPAN,Singapore
JO,JTD,Jettime,JETTIME,Denmark
GX,JXX,JetX Airlines,JETBIRD,Iceland
LJ,JNA,Jin Air,JIN AIR,South Korea
R5,JAV,Jordan Aviation,JORDAN AVIATION,Jordan
J4,JCI,Jordan International Air Cargo,nan,Jordan
XE,JSX,JSX (airline),BIGSTRIPE,United States
6J,JUB,Jubba Airways,JUBBA,Somalia
HO,DKH,Juneyao Airlines,AIR JUNEYAO,China
KW,KHK,Kharkiv Airlines,SUNRAY,Ukraine
KD,KLS,Kalstar Aviation,KALSTAR,Indonesia
KD,KNI,KD Avia,KALININGRAD AIR,Russia
WA,KLC,KLM Cityhopper,CITY,Netherlands
KL,KLM,KLM,KLM,Netherlands
N2,QNK,Kabo Air,KABO,Nigeria
KI,KAI,KaiserAir,KAISER,United States
K4,CKS,Kalitta Air,CONNIE,United States
K9*,KFS,Kalitta Charters,KALITTA,United States
K5*,KII,Kalitta Charters II,DRAGSTER,United States
RQ,KMF,Kam Air,KAMGAR,Afghanistan
E2,KMP,Kampuchea Airlines,KAMPUCHEA,Cambodia
V2,AKT,Karat,AVIAKARAT,Russia
KV,MVD,Kavminvodyavia,AIR MINVODY,Russia
3Q,KCH,KC International Airlines,CAM AIR,Cambodia
KW,KFA,Kelowna Flightcraft Air Charter,FLIGHTCRAFT,Canada
M5,KEN,Kenmore Air,KENMORE,United States
KQ,KQA,Kenya Airways,KENYA,Kenya
ZN,KEY,Key Airlines,KEY AIR,United States
KG,LYM,Key Lime Air,KEY LIME,United States
BZ,KEE,Keystone Air Service,KEYSTONE,Canada
K6,KZW,Khalifa Airways,KHALIFA AIR,Algeria
X9 KO,KHO,Khors Aircompany,AIRCOMPANY KHORS,Ukraine
IT,KFR,Kingfisher Airlines,KINGFISHER,India
4I,KNX,Knighthawk Air Express,KNIGHT FLIGHT,Canada
Y9,IRK,Kish Air,KISHAIR,Iran
KR,KHA,Kitty Hawk Aircargo,AIR KITTYHAWK,United States
2K,KHC,Kitty Hawk Airways,CARGO HAWK,United States
KP,KIA,Kiwi International Air Lines,KIWI AIR,United States
KY,KNA,Kunming Airlines,KUNMING AIR,China
7K,KGL,Kogalymavia Air Company,KOGALYM,Russia
8J,KMV,Komiinteravia,KOMIINTER,Russia
KE,KAL,Korean Air,KOREANAIR,South Korea
7B,KJC,Krasnojarsky Airlines,KRASNOJARSKY AIR,Russia
K9,KRI,Krylo Airlines,Krylo,Russia
GW,KIL,Kuban Airlines,AIR KUBAN,Russia
VD,KPA,Kunpeng Airlines,KUNPENG,China
KU,KAC,Kuwait Airways,KUWAITI,Kuwait
GO,KZU,Kuzu Airlines Cargo,KUZU CARGO,Turkey
N5,KGZ,Kyrgyz Airlines,BERMET,Kyrgyzstan
QH,LYN,Kyrgyzstan,ALTYN AVIA,Kyrgyzstan
R8,KGA,Kyrgyzstan Airlines,KYRGYZ,Kyrgyzstan
FK,KEW,Keewatin Air,BLIZZARD,Canada
JS,KOR,Air Koryo,AIR KORYO,North Korea
YL,LWA,Libyan Wings,LIBYAN WINGS,Libya
YQ,LCT,TAR Aerolineas,TAR,Mexico
JF,LAB,L.A.B. Flying Service,LAB,United States
LR,LRC,LACSA,LACSA,Costa Rica
KG,BNX,LAI - Línea Aérea IAACA,AIR BARINAS,Venezuela
4M,DSM,LATAM Argentina,LAN AR,Argentina
JJ,TAM,LATAM Brasil,TAM,Brazil
UC,LCO,LATAM Cargo Chile,LAN CARGO,Chile
LA,LAN,LATAM Chile,LAN CHILE,Chile
4C,ARE,LATAM Colombia,LAN COLOMBIA,Colombia
XL,LNE,LATAM Airlines Ecuador,AEROLANE,Ecuador
LU,LXP,LATAM Express,LANEX,Chile
PZ,LAP,LATAM Paraguay,PARAGUAYA,Paraguay
LP,LPE,LATAM Peru,LANPERU,Peru
LO,LOT,LOT Polish Airlines,POLLOT,Poland
XO,LTE,LTE International Airways,FUN JET,Spain
L3,LTO,LTU Austria,BILLA TRANSPORT,Austria
LT,LTU,LTU International,LTU,Germany
N6,JEV,Lagun Air,nan,Spain
IK,LKN,Lankair,Lankair,Sri Lanka
QL,RLN,Lankan Cargo,AERO LANKA,Sri Lanka
QV,LAO,Lao Airlines,LAO,Lao People's Democratic Republic
L7,LPN,Laoag International Airlines,LAOAG AIR,Philippines
NG,LDA,Lauda Air,LAUDA AIR,Austria
OE[34],LDM,LaudaMotion,LAUDA MOTION,Austria
LQ,LAQ,Lebanese Air Transport,LAT,Lebanon
LI,LIA,Leeward Islands Air Transport,LIAT,Antigua and Barbuda
LL,LVL,Level,LEVEL,Spain
LN,LAA,Libyan Arab Airlines,LIBAIR,Libya
L7,LNP,Línea Aérea SAPSA,SAPSA,Chile
QL,LER,Línea Aérea de Servicio Ejecutivo Regional,LASER,Venezuela
ZE,LCD,Líneas Aéreas Azteca,LINEAS AZTECA,Mexico
TM,LAM,Linhas Aéreas de Moçambique,MOZAMBIQUE,Mozambique
JT,LNI,Lion Air,LION INTER,Indonesia
LM,LVG,Livingston Energy Flight,LIVINGSTON,Italy
LT,SNG,LJ Air,SNOW EAGLE,China
LB,LLB,Lloyd Aéreo Boliviano,LLOYDAEREO,Bolivia
LM,LOG,Loganair,LOGAN,United Kingdom
GI,LHA,Longhao Airlines,AIR CANTON,China
GJ,CDC,Loong Air,LOONG AIR,China
LH,DLH,Lufthansa,LUFTHANSA,Germany
LH,GEC,Lufthansa Cargo,LUFTHANSA CARGO,Germany
CL,CLH,Lufthansa CityLine,HANSALINE,Germany
L5,LTR,Lufttransport,LUFT TRANSPORT,Norway
LG,LGL,Luxair,LUXAIR,Luxembourg
5V,UKW,Lviv Airlines,UKRAINE WEST,Ukraine
L2,LYC,Lynden Air Cargo,LYNDEN,United States
Y9,DAT,Lynx Air,DAUNTLESS,Canada
L4,SSX,Lynx Aviation,SHASTA,United States
Z8,AZN,Línea Aérea Amaszonas,nan,Bolivia
MJ,LPR,Líneas Aéreas Privadas Argentinas,LAPA,Argentina
LT,SNG,LongJiang Airlines,SNOW EAGLE,China
Q2,DQA,Maldivian,ISLAND AVIATION,Maldives
BF,MRK,MarkAir,MARKAIR,United States
WD,MWM,Modern Transporte Aereo De Carga,MODERNAIR,Brazil
NR,MAV,Manta Air,SEA WING,Maldives
OD,MXD,Malindo Airways,MALINDO EXPRESS,Malaysia
AQ,MPJ,MAP-Management and Planung,MAPJET,Austria
M7,MAA,MasAir,MAS CARGA,Mexico
MY,MWG,MASwings,MASWINGS,Malaysia
IN,MAK,MAT Macedonian Airlines,MAKAVIO,Macedonia
OM,MGL,MIAT Mongolian Airlines,MONGOL AIR,Mongolia
MB,MNB,MNG Airlines,BLACK SEA,Turkey
CC,MCK,Macair Airlines,nan,Australia
DM,DAN,Maersk Air,MAERSKAIR,Denmark
VB,MSK,Maersk Air UK,BLUESTAR,United Kingdom
W5,IRM,Mahan Air,MAHAN AIR,Iran
M2,MZS,Mahfooz Aviation,MAHFOOZ,Gambia
MH,MAS,Malaysia Airlines,MALAYSIAN,Malaysia
DB,MLT,Maleth-Aero,nan,Malta
TF,SCW,Malmö Aviation,SCANWING,Sweden
R5,MAC,Malta Air Charter,MALTA CHARTER,Malta
MA,MAH,Malév Hungarian Airlines,MALEV,Hungary
RI,MDL,Mandala Airlines,MANDALA,Indonesia
AE,MDA,Mandarin Airlines,MANDARIN,Taiwan
JE,MNO,Mango,TULCA,South Africa
6V,MRW,Mars RK,AVIAMARS,Ukraine
M7,MSL,Marsland Aviation,MARSLANDAIR,Sudan
MP,MPH,Martinair,MARTINAIR,Netherlands
H5,MVL,Mavial Magadan Airlines,Mavial,Russia
8M,MXL,Maxair,MAXAIR,Sweden
MY,MXJ,Maxjet Airways,MAX-JET,United States
MW,MYD,Maya Island Air,MYLAND,Belize
7M,MYI,Mayair,MAYAIR,Mexico
M8,MKN,Mekong Airlines,MEKONG AIRLINES,Cambodia
IM,MNJ,Menajet,MENAJET,Lebanon
IG,ISS,Meridiana,MERIDIANA,Italy
MZ,MNA,Merpati Nusantara Airlines,MERPATI,Indonesia
YV,ASH,Mesa Airlines,AIR SHUTTLE,United States
XJ,MES,Mesaba Airlines,MESABA,United States
GJ,MXC,Mexicargo,MEXICARGO,Mexico
LL,BSK,Miami Air International,BISCAYNE,United States
ME,MEA,Middle East Airlines,CEDAR JET,Lebanon
JI,MDW,Midway Airlines (1993–2003),MIDWAY,United States
ML,MDW,Midway Airlines (1976–1991),MIDWAY,United States
YX,MEP,Midwest Airlines,MIDEX,United States
MY,MWA,Midwest Airlines (Egypt),nan,Egypt
MJ,MLR,Mihin Lanka,MIHIN LANKA,Sri Lanka
XV,MVA,Mississippi Valley Airlines,VALAIR,United States
M4,MSA,Mistral Air,AIRMERCI,Italy
MW,MUL,Mokulele Airlines,MUKULELE,United States
2M,MDV,Moldavian Airlines,MOLDAVIAN,Moldova
ZB,MON,Monarch Airlines,MONARCH,United Kingdom
YM,MGX,Montenegro Airlines,MONTENEGRO,Montenegro
5M,MNT,Montserrat Airways,MONTSERRAT,Montserrat
3R,GAI,Moskovia Airlines,GROMOV AIRLINE,Russia
M9,MSI,Motor Sich Airlines,MOTOR SICH,Ukraine
NM,NZM,Mount Cook Airline,MOUNTCOOK,New Zealand
N4,MTC,Mountain Air Company,MOUNTAIN LEONE,Sierra Leone
Z9,MYM,MYAirline,MYAIR,Malaysia
VZ,MYT,MyTravel Airways,KESTREL,United Kingdom
UB,UBA,Myanma Airways,UNIONAIR,Myanmar
8M,MMA,Myanmar Airways International,MYANMAR,Myanmar
M2,MHV,MHS Aviation GmbH,SNOWCAP,Germany
NP,NIA,Nile Air,NILE BIRD,Egypt
6N,NIN,Niger Airlines,NIGER AIRLINES,Niger
N5,FEY,Fly Easy,FLYEASY,India
DV,ACK,Nantucket Airlines,ACK AIR,United States
UE,NAS,Nasair,NASAIRWAYS,Eritrea
N4,NCN,National Airlines,nan,Chile
N7,ROK,National Airlines,RED ROCK,United States
N8,NCR,National Air Cargo dba National Airlines,NATIONAL CARGO,United States
9Y,NAE,National Airways Ethiopia,NATIONAL,Ethiopia
IN,NIH,NAM Air,NAM,Indonesia
NC*,JTE,National Jet Express,JETEX,Australia
NC*,NJS,National Jet Systems,NATIONAL JET,Australia
CE,NTW,Nationwide Airlines,NATIONWIDE,South Africa
RA,RNA,Nepal Airlines,ROYAL NEPAL,Nepal
NO,NOS,Neos,MOONFLOWER,Italy
NE,NMA,Nesma Airlines,NESMA,Egypt
1I,EJA,NetJets,EXECJET,United States
EJ,NEA,New England Airlines,NEW ENGLAND,United States
2N,NTJ,NextJet,NEXTJET,Sweden
HG,NLY,Niki,FLYNIKI,Austria
KZ,NCA,Nippon Cargo Airlines,NIPPON CARGO,Japan
DD,NOK,Nok Air,NOK AIR,Thailand
XW,NCT,NokScoot,BIG BIRD,Thailand
5N,AUL,Nordavia,ARCHANGELSK AIR,Russia
JH,NES,Nordeste Linhas Aéreas Regionais,NORDESTE,Brazil
6N,NRD,Nordic Regional,NORTH RIDER,Sweden
Y7,TYA,NordStar,TAIMYR,Russia
N4,NWS,Nordwind Airlines,NORDLAND,Russia
N0,NBT,Norse Atlantic Airways,LONGSHIP,Norway
Z0,UBT,Norse Atlantic UK,LONGBOAT,United Kingdom
M3,NFA,North Flying,NORTH FLYING,Denmark
HW,NWL,North-Wright Airways,NORTHWRIGHT,Canada
NE,NEE,Northeast Airlines,NORTHEAST,United States
NC*,NAC,Northern Air Cargo,YUKON,United States
7H,RVF,Northern Pacific Airways,—Raven Flight,United States
NW,NWA,Northwest Airlines,NORTHWEST,United States
FY,NWR,Northwest Regional Airlines,nan,Australia
J3,PLR,Northwestern Air,POLARIS,Canada
D8*,IBK,Norwegian Air International,NORTRANS,Ireland
DY,NOZ,Norwegian Air Shuttle,NORDIC,Norway
DI,NRS,Norwegian Air UK,REDNOSE*,United Kingdom
DN,NAA,Norwegian Air Argentina,NORUEGA,Argentina
DU,NLH,Norwegian Long Haul,NORSTAR,Norway
DH,NAN,Norwegian Air Norway,NORSHIP,Norway
D8,NSZ,Norwegian Air Sweden,REDNOSE,Sweden
BJ,LBT,Nouvel Air Tunisie,NOUVELAIR,Tunisia
O9,NOV,Nova Airways,NOVANILE,Sudan
1I,NVR,Novair,NAVIGATOR,Sweden
VQ,NVQ,Novo Air,NOVO AIR,Bangladesh
N6,ACQ,Nuevo Continente,AERO CONTINENTE,Peru
1I,NJE,NetJets Europe,FRACTION,Portugal
IP,ONS,One Airlines,AIR DREAMS,Chile
UQ,OCM,O'Connor Airlines,OCONNOR,Australia
OB,AAN,Oasis Airlines,Oasis,Spain
O8,OHK,Oasis Hong Kong Airlines,OASIS,Hong Kong
VC,VCX,Ocean Airlines,OCEANCARGO,Italy
OL,OLT,OLT Express Germany,OLTRA,Germany
OA,OAL,Olympic Air,OLYMPIC,Greece
WY,OMA,Oman Air,OMAN AIR,Oman
OV,OMS,SalamAir,MAZOON,Oman
OY,OAE,Omni Air International,OMNI-EXPRESS,United States
8Q,OHY,Onur Air,ONUR AIR,Turkey
R2,ORB,Orenburg Airlines,ORENBURG,Russia
OX,OEA,Orient Thai Airlines,ORIENT THAI,Thailand
QO,OGN,Origin Pacific Airways,ORIGIN,New Zealand
ON,RON,Our Airline,OUR AIRLINE,Nauru
OJ,OLA,Overland Airways,OVERLAND,Nigeria
OZ,OZR,Ozark Air Lines,OZARK,United States
O7,OZJ,OzJet,AUSJET,Australia
OA,OAL,Olympic Airlines,OLYMPIC,Greece
OB,AAN,Oasis International Airlines Now assigned to Boliviana de Aviacion (BoA),OASIS,Spain
PV,PNR,PAN Air,SKYJET,Spain
9Q,PBA,PB Air,PEEBEE AIR,Thailand
PU,PUA,PLUNA,PLUNA,Uruguay
U4,PMT,PMTair,MULTITRADE,Cambodia
OH,JIA,PSA Airlines,BLUE STREAK,United States
Y5,PCE,Pace Airlines,PACE,United States
BL,PIC,Pacific Airlines,PACIFIC AIRLINES,Vietnam
DJ,PBN,Pacific Blue,BLUEBIRD,New Zealand
8P,PCO,Pacific Coastal Airlines,PASCO,Canada
Q8,PEC,Pacific East Asia Cargo Airlines,PAC-EAST CARGO,Philippines
LW,NMI,Pacific Wings,TSUNAMI,United States
PK,PIA,Pakistan International Airlines,PAKISTAN,Pakistan
GP,PTP,Palau Trans Pacific Airlines,TRANS PACIFIC,Palau
PF,PNW,Palestinian Airlines,PALESTINIAN,Egypt
NR,PIR,Pamir Airways,PAMIR,Afghanistan
7N,PWD,PAWA Dominicana,nan,Dominican Republic
PA,PAA,Pan American Airways,nan,United States
PA,PAA,Pan American World Airways,CLIPPER,United States
P8,PTN,Pantanal Linhas Aéreas,PANTANAL,Brazil
I7,PMW,Paramount Airways,PARAWAY,India
P3,PTB,Passaredo Transportes Aéreos,PASSAREDO,Brazil
HP,HPA,Pearl Airways,PEARL AIRWAYS,Haiti
PC,PGT,Pegasus Airlines,SUNTURK,Turkey
PE,PEV,People's,PEOPLES,Austria
KS,PEN,Peninsula Airways,PENINSULA,United States
P9,PGP,Perm Airlines,PERM AIR,Russia
P9,PVN,Peruvian Airlines,nan,Peru
Z2,EZD,Philippines AirAsia,REDHOT,Philippines
PR,PAL,Philippine Airlines,PHILIPPINE,Philippines
9R,VAP,Phuket Air,PHUKET AIR,Thailand
PI,PAI,Piedmont Airlines (1948-1989),PIEDMONT,United States
9E,FLG,Pinnacle Airlines,FLAGSHIP,United States
OG,FPY,Play,PLAYER,Iceland
DP,PBD,Pobeda,POBEDA,Russia
PO,PAC,Polar Air Cargo,POLAR,United States
PH,PAO,Polynesian Airlines,POLYNESIAN,Samoa
DJ,PLB,Polynesian Blue,POLYBLUE,New Zealand
PD,POE,Porter Airlines,PORTER,Canada
NI,PGA,Portugalia,PORTUGALIA,Portugal
M4,MSA,Poste Air Cargo,AIRMERCI,Italy
BK,PDC,Potomac Air,DISTRICT,United States
PW,PRF,Precision Air,PRECISION AIR,Tanzania
TO,PSD,President Airlines,nan,Cambodia
MO,AUH,Presidential Flight,SULTAN,United Arab Emirates
FE,WCP,Primaris Airlines,WHITECAP,United States
8W,PWF,Private Wings Flugcharter,PRIVATE WINGS,Germany
P6,PVG,Privilege Style Líneas Aéreas,PRIVILEGE,Spain
P0,PFZ,Proflight Zambia,PROFLIGHT-ZAMBIA,Zambia
PB,SPR,Provincial Airlines,SPEEDAIR,Canada
FV,PLK,Pulkovo Aviation Enterprise,PULKOVO,Russia
QF,QFA,Qantas,QANTAS,Australia
QF,QLK,QantasLink,QLINK,Australia
QF,QJE,QantasLink,QJET,Australia
QR,QTR,Qatar Airways,QATARI,Qatar
QB,QSM,Qeshm Air,QESHM AIR,Iran
QW,QDA,Qingdao Airlines,SKY LEGEND,China
7H,RVF,Ravn Alaska,RAVEN FLIGHT,United States
XW,LUV,Really Cool Airlines,REALLY COOL AIRLINE,Thailand
REB,Rebus,REBUS,Bulgaria,nan
8L,RHC,Redhill Aviation,REDAIR,United Kingdom
V4,REK,Reem Air,REEM AIR,Kyrgyzstan
RX,RGE,Regent Airways,REGENT,Bangladesh
YS,RAE,Régional,REGIONAL EUROPE,France
FN,RGL,Regional Air Lines,MAROC REGIONAL,Morocco
ZL,RXA,Regional Express,REX,Australia
P7,REP,Regional Paraguaya,REGIOPAR,Paraguay
3C,CEA,RegionsAir,CORP-X,United States
QQ,ROA,Reno Air,RENO AIR,United States
RC,REP,Republic Airlines,REPUBLIC,United States
YX,RPA,Republic Airways,BRICKYARD,United States
RH,RPH,Republic Express Airlines,PUBLIC EXPRESS,Indonesia
C7,RLE,Rico Linhas Aéreas,RICO,Brazil
E2,GRN,Rio Grande Air,GRANDE,United States
RL,RIO,Rio Linhas Aéreas,RIO,Brazil
SL,RSL,Rio Sul Serviços Aéreos Regionais,RIO SUL,Brazil
RX,RXI,Riyadh Air,RIYADH AIR,Saudi Arabia
V2,RBY,Vision Airlines,RUBY,United States
FV,SDM,Rossiya,RUSSIA,Russia
GZ,RAR,Air Rarotonga,AIR RAROTONGA,Cook Islands
RR,RFR,Royal Air Force,RAFAIR,United Kingdom
RS,MJN,Royal Air Force of Oman,MAJAN,Oman
AT,RAM,Royal Air Maroc,ROYALAIR MAROC,Morocco
RW,RYL,Royal Air Philippines,DOUBLE GOLD,Philippines
R0,RPK,Royal Airlines,ROYAL PAKISTAN,Pakistan
V5,RYL,Royal Aruban Airlines,ROYAL ARUBAN,Aruba
BI,RBA,Royal Brunei Airlines,BRUNEI,Brunei
RJ,RJA,Royal Jordanian,JORDANIAN,Jordan
RK,RCT,Skyview Airways,GREENSKY,THAILAND
RK,RKH,Royal Khmer Airlines,KHMER AIR,Cambodia
RL,PPW,Royal Phnom Penh Airways,PHNOM-PENH AIR,Cambodia
RR,RYS,Buzz (Ryanair),MAGIC SUN,Poland
WR,HRH,Royal Tongan Airlines,TONGA ROYAL,Tonga
P7,ESL,Russian Sky Airlines,RADUGA,Russia
5R,RUC,Rutaca,RUTACA,Venezuela
WB,RWD,Rwandair Express,RWANDAIR,Rwanda
7S,RYA,Ryan Air Services,RYAN AIR,United States
RD,RYN,Ryan International Airlines,RYAN INTERNATIONAL,United States
FR,RYR,Ryanair,RYANAIR,Ireland
RK,RUK,Ryanair UK,BLUEMAX,United Kingdom
RT,BUG,UVT Aero,nan,Russia
TR,TGW,Scoot,SCOOTER,Singapore
IJ,SJO,Spring Airlines Japan,JEY SPRING,Japan
6Y,ART,Smartlynx Airlines,SMART LYNX,Latvia
QS,TVS,Smartwings,SKYTRAVEL,Czech Republic
7O,TVL,Smartwings Hungary,TRAVEL SERVICE,Hungary
3Z,TVP,Smartwings Poland,JETTRAVEL,Poland
6D,TVQ,Smartwings Slovakia,SLOVAKTRAVEL,Slovakia
E3,VGO,Sabaidee Airways,VIRGO,Thailand
GG,KYE,Sky Lease Cargo,SKY CUBE,United States
BQ,SWU,Sky Alps,SKYALPS,Italy
GW,SGR,SkyGreece Airlines,SKYGREECE,Greece
SH,SHA,Sharp Airlines,SHARP,Australia
N9,SHA,Shree Airlines,SHREEAIR,Nepal
7E,AWU,Sylt Air GmbH,SYLT-AIR,Germany
OL,SZB,Samoa Air,SAMOA,Samoa
S4,RZO,SATA International,AIR AZORES,Portugal
SA,SAA,South African Airways,SPRINGBOK,South Africa
KV,SKV,Sky Regional Airlines,MAPLE,Canada
W7,SAH,Sayakhat Airlines,SAYAKHAT,Kazakhstan
NL,SAI,Shaheen Air,SHAHEEN AIR,Pakistan
MM,SAM,SAM Colombia,SAM,Colombia
SK,SAS,Scandinavian Airlines,SCANDINAVIAN,Sweden, Denmark and Norway
SA,SAX,Sabah Air,SABAH AIR,Malaysia
PI,SGU,Sol del Paraguay,SOLPARAGUAYO,Paraguay
UG,TUX,Tunisair Express,TUNEXPRESS,Tunisia
S7,SBI,S7 Airlines,SIBERIAN AIRLINES,Russia
Q7,SBM,SkyBahamas,SKY BAHAMAS,Bahamas
4E,SBO,Stabo Air,STABAIR,Zambia
BB,SBS,Seaborne Airlines,SEABORNE,United States
PV,SBU,St Barth Commuter,BLACK FIN,France
S5,SDG,Star Air (India),HISTAR,India
JX,SJX,Starlux Airlines,STARWALKER,Taiwan
K5,SQH,SeaPort Airlines,SASQUATCH,United States
YR,SCE,Grand Canyon Scenic Airlines,SCENIC,United States
W3,SCL,Switfair Cargo,SWIFTAIR,Canada
FP,AND,Servicios Aéreos de los Andes,SERVI ANDES,Peru
SY,SCX,Sun Country Airlines,SUN COUNTRY,United States
SG,SEJ,Spicejet,SPICEJET,India
I6,SEQ,Sky Eyes,SKY EYES,Thailand
EH,SET,SAETA Air Ecuador,SAETA,Ecuador
7G,SFJ,StarFlyer,STARFLYER,Japan
FA,SFR,Safair,CARGO,South Africa
N5,SGY,Skagway Air Service,SKAGWAY AIR,United States
HZ,SHU,Sakhalinskie Aviatrassy (SAT),SATAIR,Russia
SP,SAT,SATA Air Acores,SATA,Portugal
ZY,SHY,Sky Airlines,ANTALYA BIRD,Turkey
SQ,SIA,Singapore Airlines,SINGAPORE,Singapore
5M,SIB,Sibaviatrans,SIBAVIA,Russia
SI,SIH,Skynet Airlines,BLUEJET,Ireland
3M,SIL,Silver Airways,SILVER WINGS,United States
XS,SIT,SITA,nan,Belgium
SJ,SJY,Sriwijaya Air,SRIWIJAYA,Indonesia
ZS,SMY,Sama Airlines,NAJIM,Saudi Arabia
SQ,SQC,Singapore Airlines Cargo,SINGCARGO,Singapore
FT,SRH,Siem Reap Airways,SIEMREAP AIR,Cambodia
SX,SRK,Sky Work Airlines,SKYFOX,Switzerland
SM,SRL,Swedline Express,Starline,Sweden
P8,SRN,SprintAir,SPRINTAIR,Poland
D2,SSF,Severstal Air Company,SEVERSTAL,Russia
VD,BBB,SwedJet Airways,BLACKBIRD,Sweden
QF,SSQ,Sunstate Airlines,SUNSTATE,Australia
5G,SSV,Skyservice Airlines,SKYTOUR,Canada
RE,STK,Stobart Air,STOBART,Ireland
FS,STU,Servicios de Transportes Aéreos Fueguinos,FUEGUINO,Argentina
SD,SUD,Sudan Airways,SUDANAIR,Sudan
PI,SUF,Sun Air (Fiji),SUNFLOWER,Fiji
LW,FDY,Sun Air International,FRIENDLY,United States
EZ,SUS,Sun-Air of Scandinavia,SUNSCAN,Denmark
SV,SVA,Saudia,SAUDIA,Saudi Arabia
WN,SWA,Southwest Airlines,SOUTHWEST,United States
A4,SWD,Southern Winds Airlines,SOUTHERN WINDS,Argentina
WG,SWG,Sunwing Airlines,SUNWING,Canada
WQ,SWQ,Swift Air (Interstate Equipment Leasing),SWIFTFLIGHT,United States
LX,SWR,Swiss International Air Lines,SWISS,Switzerland
SR,SWR,Swissair,SWISSAIR,Switzerland
SR,SDR,Sundair,SUNDAIR,Germany
LZ[54],SWU,Swiss Global Air Lines,EUROSWISS,Switzerland
WV,SWV,Swe Fly,FLYING SWEDE,Sweden
S8,SWW,Shovkoviy Shlyah,WAY AERO,Ukraine
Q4,SWX,Swazi Express Airways,SWAZI EXPRESS,Swaziland
WO,WSW,Swoop,SWOOP,Canada
S8,SWZ,Skywise Airline,SKYWISE,South Africa
XQ,SXS,SunExpress,SUNEXPRESS,Turkey
RB,SYR,Syrian Arab Airlines,SYRIANAIR,Syrian Arab Republic
AL,SYX,Skywalk Airlines,SKYWAY-EX,United States
ZP,AZQ,Silk Way Airlines,SILK LINE,Azerbaijan
7L,AZG,Silk Way West Airlines,SILK WEST,Azerbaijan
E5,BRZ,Samara Airlines,BERYOZA,Russia
E5,RBG,Air Arabia Egypt,ARABIA EGYPT,Egypt
SC,CDG,Shandong Airlines,SHANDONG,China
SK,CNO,SAS Braathens,SCANOR,Norway
9C,CQH,Spring Airlines,AIR SPRING,China
3U,CSC,Sichuan Airlines,SI CHUAN,China
FM,CSH,Shanghai Airlines,SHANGHAI AIR,China
ZH,CSZ,Shenzhen Airlines,SHENZHEN AIR,China
8C,CXI,Corendon Airlines Europe,TOURIST,Malta
7L,ERO,Sun D'Or,ECHO ROMEO,Israel
NE,ESK,SkyEurope,RELAX,Slovakia
CQ,EXL,Sunshine Express Airlines,nan,Australia
SO,HKA,Superior Aviation,SPEND AIR,United States
KI,SJB,SKS Airways,SOUTHER TIGER,Malaysia
TE,IGA,Skytaxi,IGUANA,Poland
JK,JKK,Spanair,SPANAIR,Spain
RZ*,LRS,Sansa,nan,Costa Rica
2G*,MRR,San Juan Airlines,MARINER,United States
1Z,APD,Sabre Pacific,nan,Australia
NK,NKS,Spirit Airlines,SPIRIT WINGS,United States
S0,OKS,Slok Air Gambia,SLOK GAMBIA,Gambia
SO,OSL,Sosoliso Airlines,SOSOLISO,Nigeria
VA,VOZ,Virgin Australia Regional Airlines,VELOCITY,Australia
5S,PSV,Servicios Aéreos Profesionales,PROSERVICIOS,Dominican Republic
1I,PZR,Sky Trek International Airlines,PHAZER,United States
SX,SKB,Skybus Airlines,SKYBUS,United States
RU,SKI,SkyKing Turks and Caicos Airways,SKYKING,Turks and Caicos Islands
S3,BBR,Santa Barbara Airlines,SANTA BARBARA,Venezuela
XT,SKT,SkyStar Airways,SKY YOU,Thailand
H2,SKU,Sky Airline,AEROSKY,Chile
OO,SKW,SkyWest Airlines,SKYWEST,United States
JZ,SKX,Skyways Express,SKY EXPRESS,Sweden
BC,SKY,Skymark Airlines,SKYMARK,Japan
LJ,SLA,Sierra National Airlines,SELAIR,Sierra Leone
MI,SLK,SilkAir,SILKAIR,Singapore
6Q,SLL,Slovak Airlines,SLOV LINE,Slovakia
PY,SLM,Surinam Airways,SURINAM,Suriname
E8,SMK,Semeyavia,ERTIS,Kazakhstan
NB,SNB,Sterling Airlines,STERLING,Denmark
6J,SNJ,Solaseed Air,NEWSKY,Japan
SL,SNK,Southeast Airlines (Sun Jet International),SUN KING,United States
IE,SOL,Solomon Airlines,SOLOMON,Solomon Islands
ZS,SOP,Solinair,SOLINAIR,Slovenia
9X,SOU,Southern Airways,SOUTHERN EXPRESS,United States
6W,SOV,Saratov Airlines Joint Stock Company,SARATOV AIR,Russia
HZ,SOZ,Sat Airlines,SATCO,Kazakhstan
HK,SPI,South Pacific Island Airways,SOUTH PACIFIC,United States
S5,TCF,Shuttle America,MERCURY,United States
C7,UZS,Samarkand Airways,SOGDIANA,Uzbekistan
DV,VSV,SCAT Airlines,VLASTA,Kazakhstan
F2,XLK,Safarilink Aviation,SAFARILINK,Kenya
O3,CSS,SF Airlines,SHUN FENG,China
PQ,SQP,SkyUp,SKYUP,Ukraine
S5,LLC,Small Planet Airlines,SMALL PLANET,Lithuania
P7,LLP,Small Planet Airlines,SKYPOL,Poland
P2,LLI,Small Planet Airlines,AURIGA,Italy
5P,LLX,Small Planet Airlines,GERMANJET,Germany
UL,ALK,SriLankan Airlines,SRILANKAN,Sri Lanka
DJ,SRR,Star Air,WHITESTAR,Denmark
V9,HCW,Star1 Airlines,STAR1,Lithuania
Q4,TLK,Starlink Aviation,STARLINK,Canada
XG,SXD,Sunexpress Deutschland,SUNRISE,Germany
SO,AAS,Sunshine Airlines,nan,nan
1L,OSY,Open Skies Consultative Commission,OPEN SKIES,United States
DT,DTA,TAAG Angola Airlines,DTA,Angola
VR,TCV,TACV,CABOVERDE,Cape Verde
TI,TWI,Tailwind Airlines,TAILWIND,Turkey
PZ,LAP,TAM Mercosur,PARAGUAYA,Paraguay
EQ,TAE,TAME,TAME,Ecuador
QT,TPA,TAMPA,TAMPA,Colombia
TQ,TDM,Tandem Aero,TANDEM,Moldova
TP,TAP,TAP Portugal,AIR PORTUGAL,Portugal
K3,TQN,Taquan Air Services,TAQUAN,United States
RO,ROT,Tarom,TAROM,Romania
HJ,TMN,Tasman Cargo Airlines,TASMAN,Australia
SF,DTH,Tassili Airlines,TASSILI AIR,Algeria
T6,TVR,Tavrey Airlines,TAVREY,Ukraine
L6,VNZ,Tbilaviamsheni,TBILAVIA,Georgia
L9,TLW,Teamline Air,Teamline,Austria
U8,CYF,Tel Aviv Air,TUS AIR,Germany
K9,TEZ,TezJet,Tezjet,Kyrgyzstan
T2,TCG,Thai Air Cargo,THAI CARGO,Thailand
FD,AIQ,Thai AirAsia,THAI ASIA,Thailand
XJ,TAX,Thai AirAsia X,EXPRESS WING,Thailand
TG,THA,Thai Airways International,THAI,Thailand
SL,TLM,Thai Lion Mentari,MENTARI,Thailand
9I,LLR,Thai Sky Airlines,THAI SKY AIR,Thailand
WE,THD,Thai Smile Airways,THAI SMILE,Thailand
T9,TSX,Thai Star Airlines,THAI STAR,Thailand
VZ,TVJ,Thai Vietjet Air,THAIVIET JET,Thailand
HQ,TCW,Thomas Cook Airlines,KESTREL,Belgium
MT,TCX,Thomas Cook Airlines,KESTREL,United Kingdom
GS,GCR,Tianjin Airlines,BO HAI,China
3P,TNM,Tiara Air,TIARA,Aruba
TT,TGG,Tigerair Australia,TIGGOZ,Australia
TR,TGW,Tigerair Singapore,GO CAT,Singapore
IT,TTW,Tigerair Taiwan,SMART CAT,Taiwan
ZT,AWC,Titan Airways,ZAP,United Kingdom
3V,TAY,TNT Airways,QUALITY,Belgium
7T,TOB,Tobruk Air,TOBRUK AIR,Libya
TI,TOL,Tol-Air Services,TOL AIR,United States
TJ,GPD,Tradewind Aviation,GOODSPEED,United States
TL,TMA,Trans Mediterranean Airlines,TANGO LIMA,Lebanon
AX,LOF,Trans States Airlines,WATERSKI,United States
TW,TWA,Trans World Airlines,TWA,United States
UN,TSO,Transaero Airlines,TRANSOVIET,Russia
GE,TNA,TransAsia Airways,nan,Taiwan
TO,TVF,Transavia France,FRANCE SOLEIL,France
HV,TRA,Transavia Holland,TRANSAVIA,Netherlands
AL,TXC,TransAVIAexport Airlines,TRANSEXPORT,Belarus
TR,TBA,Transbrasil,TRANSBRASIL,Brazil
UE,TEP,Transeuropean Airlines,TRANSEURLINE,Russia
T9,TRZ,TransMeridian Airlines,TRANS-MERIDIAN,United States
TH,RMY,Raya Airways,TRANSMILE,Malaysia
TX,TAN,Transportes Aéreos Nacionales,nan,Honduras
OF,TML,Transports et Travaux Aériens de Madagascar,TAM AIRLINE,Madagascar
9T,ABS,Transwest Air,ATHABASKA,Canada
S5,TSJ,Trast Aero,TRAST AERO,Kyrgyzstan
GY,TMG,Tri-MG Intra Asia Airlines,TRILINES,Indonesia
T4,TIB,TRIP Linhas Aéreas,TRIP,Brazil
PM,TOS,Tropic Air,TROPISER,Belize
M7,TBG,Tropical Airways,nan,Haiti
TZ,TDS,Tsaradia,TSARADIA,Madagascar
BY,TOM,TUI Airways,TOM JET,United Kingdom
TB,JAF,TUI fly Belgium,BEAUTY,Belgium
X3,TUI,TUI fly Deutschland,TUI JET,Germany
OR,TFL,TUI fly Netherlands,ORANGE,Netherlands
6B,BLX,TUI fly Nordic,BLUESCAN,Sweden
TD,TLP,Tulip Air,TULIPAIR,Netherlands
UG,TUX,Tuninter,nan,Tunisia
TU,TAR,Tunisair,TUNAIR,Tunisia
3T,URN,Turan Air,TURAN,Azerbaijan
TK,THY,Turkish Airlines,TURKISH,Turkey
T5,TUA,Turkmenistan Airlines,TURKMENISTAN,Turkmenistan
TW,TWB,T'way Air,TWAYAIR,Republic of Korea
T7,TJT,Twin Jet,TWINJET,France
VO,TYR,Tyrolean Airways,TYROLEAN,Austria
VNX,TKK,flyADVANCED,TARKA,United States
B7,UIA,UNI Air,GLORY,Taiwan
UA,UAL,United Airlines,UNITED,United States
4H,UBD,United Airways,UNITED BANGLADESH,Bangladesh
U7,JUS,USA Jet Airlines,JET USA,United States
U6,SVR,Ural Airlines,SVERDLOVSK AIR,Russia
QU,UGA,Uganda Airlines (1976–2001),UGANDA,Uganda
UR,UGD,Uganda Airlines,CRESTED,Uganda
UF,UKM,UM Airlines,UKRAINE MEDITERRANEE,Ukraine
6Z,UKS,Ukrainian Cargo Airways,CARGOTRANS,Ukraine
OL,ULS,Ultra Air,AIR ULTRA,Colombia
5X,UPS,United Parcel Service,UPS,United States
US,AWE,US Airways,CACTUS,United States
BS,UBG,US-Bangla Airlines,BANGLA STAR,Bangladesh
UH,USH,US Helicopter,US-HELI,United States
QU,UTN,Skyline Express (airline),Skyline Express Airline,Ukraine
UT,UTA,UTair Aviation,UTAIR,Russia
HY,UZB,Uzbekistan Airways,UZBEK,Uzbekistan
PS,AUI,Ukraine International Airlines,UKRAINE INTERNATIONAL,Ukraine
JW,VNL,Vanilla Air,VANILLA,Japan
VU,VAG,Vietravel Airlines,VIETRAVEL AIR,Vietnam
VB,VIV,VivaAerobus,VIVA,Mexico
VA,VOZ,Virgin Australia,VELOCITY,Australia
VF,VLU,Valuair,VALUAIR,Singapore
J7,VJA,ValuJet Airlines,CRITTER,United States
0V,VFC,Vietnam Air Services Company (VASCO),VASCO AIR,Vietnam
VC,VAL,Voyageur Airways,VOYAGEUR,Canada
VN,HVN,Vietnam Airlines,VIET NAM,Vietnam
NN,MOV,VIM Airlines,MOV AIR,Russia
Y4,VOI,Volaris,VOLARIS,Mexico
VI,VDA,Volga-Dnepr Airlines,VOLGA,Russia
VX,VRD,Virgin America,REDWOOD,United States
VJ,VJC,Vietjet Air,VIETJET,Vietnam
V4,VES,Vieques Air Link,VIEQUES,United States
TV,VEX,Virgin Express,VIRGIN EXPRESS,Belgium
VK,VGN,Virgin Nigeria Airways,VIRGIN NIGERIA,Nigeria
VS,VIR,Virgin Atlantic,VIRGIN,United Kingdom
ZG,VVM,Viva Macau,JACKPOT,Macao
VE,VLE,C.A.I. Second,VOLA,Italy
VY,VLG,Vueling Airlines,VUELING,Spain
XF,VLK,Vladivostok Air,VLADAIR,Russia
LC,VLO,Varig Logística,VELOG,Brazil
VM,VOA,Viaggio Air,VIAGGIO,Bulgaria
VP,VQI,Villa Air,VILLA AIR,Maldives
9V,VPA,Vipair Airlines,VIAIR,Kazakhstan
RG,VRN,Varig,VARIG,Brazil
VH,VVC,Viva Air Colombia,Viva Air Colombia,Colombia
VP,VSP,VASP,VASP,Brazil
V7,VOE,Volotea,VOLOTEA,Spain
VG,VLM,VLM Airlines,RUBENS,Belgium
G6,WLG,Air Volga,GOUMRAK,Russia
UK,VTI,Vistara,Vistara,India
WD,WDL,WDL Aviation,WDL,Germany
WT,WSG,Wasaya Airways,WASAYA,Canada
WH,WEB,WebJet Linhas Aéreas,WEB-BRASIL,Brazil
2W,WLC,Welcome Air,WELCOMEAIR,Austria
WZ,WSF,West African Airlines,nan,Benin
PN,CHB,West Air (China),WEST CHINA,China
T2,SWN,West Atlantic Sweden,AIR SWEDEN,Sweden
YH,WCW,West Caribbean Airways,WEST,Colombia
8O,YWZ,West Coast Air,COAST AIR,Canada
WS,WJA,WestJet,WESTJET,Canada
ST*,STT,Western Aircraft, Inc,SAWTOOTH,United States
WA,WAL,Western Airlines,WESTERN,United States
W7,KMR,Western Pacific Airlines,KOMSTAR,United States
CN,WWD,Westward Airways,WESTWARD,United States
WF,WIF,Widerøe,WIDEROE,Norway
WC,WAA,Wien Air Alaska,WIEN,United States
IV,JET,Wind Jet,GHIBLI,Italy
7W,QGA,Windrose Air,QUADRIGA,Germany
IW,WON,Wings Air,WINGS ABADI,Indonesia
8Z,WVL,Wizz Air Bulgaria,WIZZBUL,Bulgaria
W6,WZZ,Wizz Air,WIZZAIR,Hungary
W4,WMT,Wizz Air Malta,WIZZ AIR MALTA,Malta
W9,WUK,Wizz Air UK,WIZZ GO,United Kingdom
WO,WOA,World Airways,WORLD,United States
UI,CSW,SW Italia,SILKITALIA,Italy
WW,WOW,WOW air,WOW air,Iceland
8V,WRF,Wright Air Service,WRIGHT FLYER,United States
KW,WAN,Wataniya Airways,WATANIYA,Kuwait
3W*,VNR,Wan Air,WANAIR,French Polynesia
WR,WEN,WestJet Encore,ENCORE,Canada
7A,XRC,Express Air Cargo,TUNISIA CARGO,Tunisia
MF,CXA,Xiamen Airlines,XIAMEN AIR,China
SE,SEU,XL Airways France,STARWAY,France
XN,XAR,XpressAir,XPRESS,Indonesia
YL,LLM,Yamal Airlines,YAMAL,Russia
R3,SYL,Yakutia Airlines,AIR YAKUTIA,Russia
Y8,YZR,Suparna Airlines,YANGTZE RIVER,China
Y0,EMJ,Yellow Air Taxi/Friendship Airways,nan,United States
IY,IYE,Yemenia,YEMENI,Yemen
YT,NYT,Yeti Airlines,YETI AIRLINES,Nepal
4Y,TUD,Yute Air Alaska,TUNDRA,United States
2N,UMK,Yuzhmashavia,YUZMASH,Ukraine
C4,IMX,Zimex Aviation,ZIMEX,Switzerland
Q3,MBN,Zambian Airways,ZAMBIANA,Zambia
3J,WZP,Zip,ZIPPER,Canada
ZG,TZP,Zipair Tokyo,ZIPPY,Japan
Z4,OOM,Zoom Airlines,ZOOM,Canada
N3,VOS,Volaris El Salvador,VOLARIS,El Salvador
